<application>
  <component name="GeneralSettings">
    <option name="confirmExit" value="false" />
    <option name="autoSaveFiles" value="false" />
    <option name="showTipsOnStartup" value="false" />
    <option name="autoSyncFiles" value="false" />
  </component>
  <component name="Registry">
    <entry key="suggest.all.run.configurations.from.context" value="true" />
    <entry key="ide.tooltip.show.with.actions" value="true" />
    <entry key="ide.balloon.shadow.size" value="0" />
  </component>
</application>